{"global_step": 4, "loss": 0.7600702047348022, "lr": 0.0004, "_timestamp": 1720426721.9486837, "_runtime": 21.32982563972473, "_step": 0}