{"global_step": 7040, "loss": 0.3893480896949768, "lr": 0.0004, "_timestamp": 1720430029.1022043, "_runtime": 2498.8376743793488, "_step": 351}