{"global_step": 6840, "loss": 0.47317254543304443, "lr": 0.0004, "_timestamp": 1720429960.882348, "_runtime": 2430.6178181171417, "_step": 341}