{"global_step": 21760, "loss": 0.5675229430198669, "lr": 0.0004, "_timestamp": 1720434989.8696702, "_runtime": 7459.605140209198, "_step": 1087}