{"global_step": 348, "loss": 0.504760205745697, "lr": 0.0004, "_timestamp": 1720426995.089728, "_runtime": 177.76154017448425, "_step": 86, "_wandb": {"runtime": 178}}